﻿２０１９年版はこのデータをアプリが読み込みます。変更やセル換えしないで下さい。,,,,,,,
,研究１（時代１）,研究２（時代１）,研究３（時代２）,研究４（時代２）,研究５（時代３）,研究６（時代４） ,
補給,0.6,1,1.8,3,4+範囲,6.3,はい（勇者同盟の勇者＋賢者＝３．９＋４．８＝８．７＞研究６だけど、ここらへんは基本的にはコートライズが強い）
軽歩,1+0.54,2+1.08,4+1.62,7+2.16,12+2.7,18+3.24,元からちょっと上方修正が必要。テアリム魔導商会属性ユニットに対してやや弱い気がするが調整が難しい。あとでなんとかする
テンニウム,10,20,40,80,120,148,研究６の148がちょっとちゅーとはんぱだが、とはいえ多すぎると即６が…
エナジー,9,19,38,80,123,154,スキルそのものは、やや弱化（資源量として同じレベルの研究でもテンニウム＞エナジー）調整
恩恵,0.34,0.68,1.02,1.36,1.7,2,恩恵が直接得られる研究ではなく間接型
状異拡張,0.34,0.68,1.02,1.36,1.7,2,テアリムのスキルポップのコートライズ版、特性に合わせて研究効果も状態異常だけを伸張する感じのみの効果
,,,,,,,
テアリム魔導商会(ジェスチャースキルとマルチポインティングは並存（どっちでも可）で),,,,,,,
領土,0.25,0.75,1.5,3,4+全表示,7,テアリム魔導商会の強み、ただとーぜん補給があると無効、そこらへんの感じ
回復,0.4,0.9,1.6,2.5,3.6,5 – 静止無し,建物と回復と静止デュレーション
財宝,10,25,60,125,185,230と人口減,後半は資源数のほうが天井に近くなるので、キャラバン人口で
召喚,プリセット召喚と研究込み＋３秒ずつ増加あり,,,,,,やっぱり可変要素は少なめ
魔導値,0.34,0.68,1.02,1.36,1.7,2,マナ回復＋スキル内のマルチプライヤ数（スキルレベル枠と研究枠の両方が並存する）
エクストラポップ,0.34,0.68,1.02,1.36,1.7,2,導師系なユニットのブーストなど。スキルポップ三種のうちの１つ
,,,,,,,
ヴィール創文地区(ユニットコスト回収はマスプロを拡張研究にするので二種類差分ありへ、オリは研究値還元等),,,,,,,
領土,0.25,0.7,1.4,2.8,4,6.7,これ系の研究のメリットがあるのがヴィール創文地区・テアリム魔導商会
回復+財貨,10,20,40,80,120,148,財貨効果が多すぎマンなのをどう調整するかだけど、回復を強化すると今度はエアユニットだけが活用するようになりがち。どーするかねぇ…
還元１,5,10,15,19,23,27,はい
還元２,5,10,14,18,21,24,コストダウン反映があるので還元１比でやや控えめ
ドリルムーブ,10,20,40,80,120,148,標準効果のテンニウム収入＋スキルで→建物は恩恵ボーナスつき
研究インプルーブ,プリセットユニットと学者の（と研究込み＋0.04ずつ増加あり）,,,,,,元からある時代１仕様の研究ポイントとその比率は変更せず。これもエナジー風だけど学者変換ユニットがかなり強いのでそこで。
,,,,,,,
勇者同盟（全文明のいいとこどり＋ただし固有研究なし＋恩恵まわりがシビア）,,,,,,,
領土,0.25,0.75,1.5,3,4,7,一応最優秀だが、付属効果なし。
全資源（豊穣）,8,20,48,100,152,184+レートのプラス,これ普通に良い考えっぽい…でもないか。資源的には有利なのでこれをリサーチなら、テアリム魔導商会・コートライズドインヴィアシズは（普通）セミ即３する
オリスキルのオリテク,集合スキルな感じと内政ユニットの標準ユニット化,,,,,,要するに賢者マスター補助という側面あり。賢者＋回復魔法でコートライズを凌駕するがとーぜん研究・ユニット・ＭＰが全揃いが条件なので使いづらい
賢者系,0.1,0.23,0.38,0.54,0.68,0.8,これも見ての通りマスター軸系研究
回復＋内政,0.4,0.9,1.6,2.5,3.6,4.9,両研究に内政ユニットボーナス（内政ボーナスではない）が付く
螺旋,いわゆるスパネメ,,,,,,他文明と若干入れ替え。ヴィール＋コートライズ＋資源ボーナス低風
,,,,,,,
トレモロ幻術師団→2020年アップデート、中堅ユニットの固定恩恵消費？,,,,,,,
